{
    "features": [
        {
            "name": "Age",
            "kind": "numeric"
        },
        {
            "name": "WorkClass",
            "kind": "categorical"
        },
        {
            "name": "fnlwgt",
            "kind": "numeric"
        },
        {
            "name": "Education",
            "kind": "categorical"
        },
        {
            "name": "EducationNum",
            "kind": "numeric"
        },
        {
            "name": "MaritalStatus",
            "kind": "categorical"
        },
        {
            "name": "Occupation",
            "kind": "categorical"
        },
        {
            "name": "Relationship",
            "kind": "categorical"
        },
        {
            "name": "Race",
            "kind": "categorical"
        },
        {
            "name": "Gender",
            "kind": "categorical"
        },
        {
            "name": "CapitalGain",
            "kind": "numeric"
        },
        {
            "name": "CapitalLoss",
            "kind": "numeric"
        },
        {
            "name": "HoursPerWeek",
            "kind": "numeric"
        },
        {
            "name": "NativeCountry",
            "kind": "categorical"
        },
        {
            "name": "Income",
            "kind": "categorical"
        }
    ],
    "target": 14
}
