{
    "features": [
        {
            "name": "Survived",
            "kind": "categorical"
        },
        {
            "name": "Pclass",
            "kind": "categorical"
        },
        {
            "name": "Name"
        },
        {
            "name": "Sex",
            "kind": "categorical"
        },
        {
            "name": "Age",
            "kind": "numeric"
        },
        {
            "name": "Siblings and Spouses Aboard"
        },
        {
            "name": "Parents and Children Aboard"
        },
        {
            "name": "Fare",
            "kind": "numeric"
        }
    ],
    "target": 0
}
